{"acc": 0.729948052762557, "loss": 0.1991906793404294, "_timestamp": 1719165362.6821463, "_runtime": 1.0862553119659424, "_step": 7, "_wandb": {"runtime": 0}}